{"cameraMode":{"drawMode":0,"name":"Shaded","section":"Shading Mode"},"sceneLighting":true,"audioPlay":false,"sceneViewState":{"showFog":true,"showMaterialUpdate":false,"showSkybox":true,"showFlares":true,"showImageEffects":true,"showParticleSystems":true},"in2DMode":false,"pivot":{"x":52.57575988769531,"y":66.60848236083985,"z":69.65118408203125},"rotation":{"x":0.43122273683547976,"y":-0.349090039730072,"z":0.18565069139003755,"w":0.8110216856002808},"size":81.40348052978516,"orthographic":true}