{"cameraMode":{"drawMode":0,"name":"Shaded","section":"Shading Mode"},"sceneLighting":true,"audioPlay":false,"sceneViewState":{"showFog":true,"showMaterialUpdate":false,"showSkybox":true,"showFlares":true,"showImageEffects":true,"showParticleSystems":true},"in2DMode":false,"pivot":{"x":-149.32000732421876,"y":4.096278190612793,"z":69.66978454589844},"rotation":{"x":0.089571513235569,"y":0.01645728573203087,"z":-0.0014298472087830306,"w":0.9958649277687073},"size":2.556452751159668,"orthographic":true}