{"cameraMode":{"drawMode":0,"name":"Shaded","section":"Shading Mode"},"sceneLighting":true,"audioPlay":false,"sceneViewState":{"showFog":true,"showMaterialUpdate":false,"showSkybox":true,"showFlares":true,"showImageEffects":true,"showParticleSystems":true},"in2DMode":false,"pivot":{"x":-6.980393409729004,"y":5.876823902130127,"z":-33.864990234375},"rotation":{"x":0.053989727050065997,"y":-0.9426342248916626,"z":0.2703542411327362,"w":0.18824370205402375},"size":35.802894592285159,"orthographic":false}